"StartDate","EndDate","Status","IPAddress","Progress","Duration..in.seconds.","Finished","RecordedDate","ResponseId","RecipientLastName","RecipientFirstName","RecipientEmail","ExternalReference","LocationLatitude","LocationLongitude","DistributionChannel","UserLanguage","consent_q","att1","att2","worker_id","completion_code","journaling_timer_First.Click","journaling_timer_Last.Click","journaling_timer_Page.Submit","journaling_timer_Click.Count","self_disclosure_1","self_disclosure_2","journaling_manip","journ_manip_explain","ai_companion_exp","gender","gender_4_TEXT","ethnicity","ethnicity_6_TEXT","age","edu","edu_8_TEXT","ai_capability_1","participantId","condition","conditionPrompt","conditionPromptPost","experiencePrompt","feelingHeardPrompt","conditionApp"
"Start Date","End Date","Response Type","Anonymized","Progress","Duration (in seconds)","Finished","Recorded Date","Response ID","Recipient Last Name","Recipient First Name","Recipient Email","External Data Reference","Anonymized","Anonymized","Distribution Channel","User Language","Do you consent","This is an attention check. John is taller than Paul. Who is shorter?","What color is grass?



The fresh, uncut grass, not leaves or hay. Please make sure to select purple, so that we know you're paying attention.","What is your Connect participant ID?

Please note that this response should auto-fill with the correct ID.","Important: Please enter the exact completion code you received at the end of your interaction.","Timing - First Click","Timing - Last Click","Timing - Page Submit","Timing - Click Count","While I was [Field-conditionPromptPost]... - I shared personal thoughts, feelings, or experiences during this interaction","While I was [Field-conditionPromptPost]... - I revealed information about myself that I don’t usually share with others","Were you able to follow the instructions of journaling for 15 minutes?
Please answer honestly; your response won’t affect your compensation","Please provide an explanation for your answer","Before this survey, have you ever used an artificial intelligence (AI) companion app before?","What is your gender? - Selected Choice","What is your gender? - Other (please specify) - Text","What is your ethnicity? - Selected Choice","What is your ethnicity? - Other (please specify) - Text","What is your age (in years)?","What is the highest level of education you have completed? - Selected Choice","What is the highest level of education you have completed? - Other (please specify) - Text","How capable do you think artificial intelligence (AI) is of becoming as intelligent as human beings?","participantId","condition","conditionPrompt","conditionPromptPost","experiencePrompt","feelingHeardPrompt","conditionApp"
"{""ImportId"":""startDate"",""timeZone"":""America/Denver""}","{""ImportId"":""endDate"",""timeZone"":""America/Denver""}","{""ImportId"":""status""}","Anonymized","{""ImportId"":""progress""}","{""ImportId"":""duration""}","{""ImportId"":""finished""}","{""ImportId"":""recordedDate"",""timeZone"":""America/Denver""}","{""ImportId"":""_recordId""}","{""ImportId"":""recipientLastName""}","{""ImportId"":""recipientFirstName""}","{""ImportId"":""recipientEmail""}","{""ImportId"":""externalDataReference""}","Anonymized","Anonymized","{""ImportId"":""distributionChannel""}","{""ImportId"":""userLanguage""}","{""ImportId"":""QID60""}","{""ImportId"":""QID30""}","{""ImportId"":""QID31""}","{""ImportId"":""QID160_TEXT""}","{""ImportId"":""QID167_TEXT""}","{""ImportId"":""QID211_FIRST_CLICK""}","{""ImportId"":""QID211_LAST_CLICK""}","{""ImportId"":""QID211_PAGE_SUBMIT""}","{""ImportId"":""QID211_CLICK_COUNT""}","{""ImportId"":""QID227_1""}","{""ImportId"":""QID227_2""}","{""ImportId"":""QID212""}","{""ImportId"":""QID214_TEXT""}","{""ImportId"":""QID36""}","{""ImportId"":""QID12""}","{""ImportId"":""QID12_4_TEXT""}","{""ImportId"":""QID13""}","{""ImportId"":""QID13_6_TEXT""}","{""ImportId"":""QID14_TEXT""}","{""ImportId"":""QID15""}","{""ImportId"":""QID15_8_TEXT""}","{""ImportId"":""QID59_1""}","{""ImportId"":""participantId""}","{""ImportId"":""condition""}","{""ImportId"":""conditionPrompt""}","{""ImportId"":""conditionPromptPost""}","{""ImportId"":""experiencePrompt""}","{""ImportId"":""feelingHeardPrompt""}","{""ImportId"":""conditionApp""}"
"2024-12-21 05:13:49","2024-12-21 05:31:14","0","Anonymized","100","1045","1","2024-12-21 05:31:15","R_7HkNo87STvGfTmo","","","","","Anonymized","Anonymized","anonymous","EN","1","2","2","B0F3D828DA0648879DD759D0EBE637EB","4297-6925-3804-6208","","","","","100","90","","","1","1","","3","","69","3","","100","B0F3D828DA0648879DD759D0EBE637EB","AI chatbot","interact with an AI chatbot for 15 minutes","interacting with an AI chatbot for 15 minutes","with the AI chatbot you used?","Interacting with the chatbot","AI Companion"
"2024-12-21 05:15:30","2024-12-21 05:32:01","0","Anonymized","100","991","1","2024-12-21 05:32:02","R_3CBCWHL87plE1oL","","","","","Anonymized","Anonymized","anonymous","EN","1","2","2","3897878672EE48D19710F861C10825B7","","5.429","911.338","915.702","28","100","100","1","I guess I had a lot to say.","1","2","","3","","60","5","","30","3897878672EE48D19710F861C10825B7","journaling","be journaling for 15 minutes about anything on your mind or anything you've experienced lately","journaling for 15 minutes","of journaling for 15 minutes","Writing in the journal",""
"2024-12-21 05:23:03","2024-12-21 05:39:48","0","Anonymized","100","1005","1","2024-12-21 05:39:49","R_7b2ckn5p7TQmjVc","","","","","Anonymized","Anonymized","anonymous","EN","1","2","2","234D27754EB24654B513F8679BDA2126","","10.706","501.403","912.019","4","90","65","1","I journaled for all 15 minutes. It felt like a very long time to journal, but I kept writing.","1","4","non-binary","3","","32","4","","60","234D27754EB24654B513F8679BDA2126","journaling","be journaling for 15 minutes about anything on your mind or anything you've experienced lately","journaling for 15 minutes","of journaling for 15 minutes","Writing in the journal",""
"2024-12-21 05:25:44","2024-12-21 05:43:46","0","Anonymized","100","1082","1","2024-12-21 05:43:47","R_3ylomrD4U7poOSF","","","","","Anonymized","Anonymized","anonymous","EN","1","2","2","86BEBDD2557D4C7680B78DF8DA1678FC","8743-1943-0703-2923","","","","","100","7","","","1","2","","3","","45","5","","92","86BEBDD2557D4C7680B78DF8DA1678FC","AI chatbot","interact with an AI chatbot for 15 minutes","interacting with an AI chatbot for 15 minutes","with the AI chatbot you used?","Interacting with the chatbot","AI Companion"
"2024-12-21 05:40:21","2024-12-21 05:58:40","0","Anonymized","100","1099","1","2024-12-21 05:58:41","R_7Pz2U51DqgYePRs","","","","","Anonymized","Anonymized","anonymous","EN","1","2","2","5F0E1E7CAEFD40B5A4EA89F84FC5DD1D","0171-2185-5574-7863","","","","","60","50","","","1","2","","3","","59","3","","55","5F0E1E7CAEFD40B5A4EA89F84FC5DD1D","AI chatbot","interact with an AI chatbot for 15 minutes","interacting with an AI chatbot for 15 minutes","with the AI chatbot you used?","Interacting with the chatbot","AI Companion"
"2024-12-21 05:36:37","2024-12-21 06:01:22","0","Anonymized","100","1485","1","2024-12-21 06:01:23","R_7MtDhmUpARuCJGP","","","","","Anonymized","Anonymized","anonymous","EN","1","2","2","B76EA336606B44CEA4005B8861621321","","125.838","601.788","1030.812","8","40","20","1","I'm a (former) English teacher and a current school counselor. I just ran though my day yesterday and was able to type for 15 minutes easily.","1","2","","3","","53","5","","60","B76EA336606B44CEA4005B8861621321","journaling","be journaling for 15 minutes about anything on your mind or anything you've experienced lately","journaling for 15 minutes","of journaling for 15 minutes","Writing in the journal",""
"2024-12-21 05:39:58","2024-12-21 06:05:47","0","Anonymized","100","1548","1","2024-12-21 06:05:48","R_5oATTl33aSGMMpq","","","","","Anonymized","Anonymized","anonymous","EN","1","2","2","509291EB3F194545B31144F4CE408D12","","1.376","988.622","996.448","16","100","100","1","I tried but my mind kept rscing;","2","2","","3","","66","4","","76","509291EB3F194545B31144F4CE408D12","journaling","be journaling for 15 minutes about anything on your mind or anything you've experienced lately","journaling for 15 minutes","of journaling for 15 minutes","Writing in the journal",""
"2024-12-21 05:49:50","2024-12-21 06:07:05","0","Anonymized","100","1035","1","2024-12-21 06:07:06","R_3EZan6a39IlH4Cl","","","","","Anonymized","Anonymized","anonymous","EN","1","2","2","5268B0BD30F1460EB7229A37DA1AA718","","9.645","194.984","958.41","9","50","50","1","Thats the time I took to complete this survey.","1","1","","3","","35","4","","60","5268B0BD30F1460EB7229A37DA1AA718","journaling","be journaling for 15 minutes about anything on your mind or anything you've experienced lately","journaling for 15 minutes","of journaling for 15 minutes","Writing in the journal",""
"2024-12-21 05:49:58","2024-12-21 06:10:58","0","Anonymized","100","1260","1","2024-12-21 06:10:58","R_1GlCutZ2MuYh2ZQ","","","","","Anonymized","Anonymized","anonymous","EN","1","2","2","0576DC28BC014878953C6292A5BBECB6","1299-8927-4644-8467","","","","","83","10","","","1","2","","1","","50","1","","96","0576DC28BC014878953C6292A5BBECB6","AI chatbot","interact with an AI chatbot for 15 minutes","interacting with an AI chatbot for 15 minutes","with the AI chatbot you used?","Interacting with the chatbot","AI Companion"
"2024-12-21 05:47:45","2024-12-21 06:13:28","0","Anonymized","100","1542","1","2024-12-21 06:13:28","R_3gVGxl3frzUEMjn","","","","","Anonymized","Anonymized","anonymous","EN","1","2","2","E3362F5C831A48E4A452790FFFD7B49A","0182-6448-5755-1887","","","","","54","54","","","1","1","","3","","53","5","","47","E3362F5C831A48E4A452790FFFD7B49A","AI chatbot","interact with an AI chatbot for 15 minutes","interacting with an AI chatbot for 15 minutes","with the AI chatbot you used?","Interacting with the chatbot","AI Companion"
"2024-12-21 05:58:05","2024-12-21 06:14:09","0","Anonymized","100","964","1","2024-12-21 06:14:09","R_5dpH0PigM0OcLcJ","","","","","Anonymized","Anonymized","anonymous","EN","1","2","2","47A44B2C3DA24758BEE8A259A7D5B971","","4.812","884.419","906.456","11","92","70","1","Yes, I journaled for 15 minutes and wrote 3 paragraphs.","1","1","","3","","39","4","","100","47A44B2C3DA24758BEE8A259A7D5B971","journaling","be journaling for 15 minutes about anything on your mind or anything you've experienced lately","journaling for 15 minutes","of journaling for 15 minutes","Writing in the journal",""
"2024-12-21 05:59:03","2024-12-21 06:16:42","0","Anonymized","100","1059","1","2024-12-21 06:16:43","R_7m2W2Al5KZXEwqf","","","","","Anonymized","Anonymized","anonymous","EN","1","2","2","9DE97DFDC48E4C4CBF35E2B66B76A8EE","0294-5309-7322-0181","","","","","100","80","","","1","2","","3","","54","2","","20","9DE97DFDC48E4C4CBF35E2B66B76A8EE","AI chatbot","interact with an AI chatbot for 15 minutes","interacting with an AI chatbot for 15 minutes","with the AI chatbot you used?","Interacting with the chatbot","AI Companion"
"2024-12-21 05:56:26","2024-12-21 06:18:50","0","Anonymized","100","1343","1","2024-12-21 06:18:51","R_6oGO6Yk1EdQq9Or","","","","","Anonymized","Anonymized","anonymous","EN","1","2","2","0208C5606A07456C9385EF2096200189","","30.61","938.254","940.922","7","92","43","1","I found it interesting to have two things that occupied my thoughts. Although part of the time my pet was on my lap looking for attention. That made it a little hard to type but I managed to finish.","1","2","","1","","59","4","","50","0208C5606A07456C9385EF2096200189","journaling","be journaling for 15 minutes about anything on your mind or anything you've experienced lately","journaling for 15 minutes","of journaling for 15 minutes","Writing in the journal",""
"2024-12-21 05:49:21","2024-12-21 06:25:32","0","Anonymized","100","2171","1","2024-12-21 06:25:33","R_5cbUo8zBZLIIXn6","","","","","Anonymized","Anonymized","anonymous","EN","1","2","2","DE1D42619E1848DAB7A38557CE1C739B","7231-3817-6604-7993","","","","","90","95","","","2","2","","3","","51","1","","55","DE1D42619E1848DAB7A38557CE1C739B","AI chatbot","interact with an AI chatbot for 15 minutes","interacting with an AI chatbot for 15 minutes","with the AI chatbot you used?","Interacting with the chatbot","AI Companion"
"2024-12-21 06:26:27","2024-12-21 06:26:55","0","Anonymized","100","28","1","2024-12-21 06:26:56","R_7kLnEyJx61S8Z5m","","","","","Anonymized","Anonymized","anonymous","EN","1","2","1","","","","","","","","","","","","","","","","","","","","B29594BCE3EA407AA629F012541C3EED","","","","","",""
"2024-12-21 06:18:30","2024-12-21 06:37:23","0","Anonymized","100","1133","1","2024-12-21 06:37:23","R_5Do1nBfEiS82d5y","","","","","Anonymized","Anonymized","anonymous","EN","1","2","2","ADB9DEF8C08943BA95DA4DF5BFCD6983","","50.971","51.712","990.894","2","90","80","1","I wrote my thoughts down for 15 minutes and thus followed the instructions.","1","1","","3","","36","5","","20","ADB9DEF8C08943BA95DA4DF5BFCD6983","journaling","be journaling for 15 minutes about anything on your mind or anything you've experienced lately","journaling for 15 minutes","of journaling for 15 minutes","Writing in the journal",""
"2024-12-21 06:27:02","2024-12-21 06:43:52","0","Anonymized","100","1010","1","2024-12-21 06:43:53","R_1Eb8dcr9b7jjA22","","","","","Anonymized","Anonymized","anonymous","EN","1","2","2","B29594BCE3EA407AA629F012541C3EED","","15.661","25.036","918.502","3","76","55","1","I just wrote what I was thinking while typing. It honestly wasn't that hard.","1","2","","3","","47","3","","100","B29594BCE3EA407AA629F012541C3EED","journaling","be journaling for 15 minutes about anything on your mind or anything you've experienced lately","journaling for 15 minutes","of journaling for 15 minutes","Writing in the journal",""
"2024-12-21 06:35:57","2024-12-21 06:54:20","0","Anonymized","100","1103","1","2024-12-21 06:54:20","R_6QLzmVcRVRayZTF","","","","","Anonymized","Anonymized","anonymous","EN","1","2","2","41FC391210C44A63B4AE3BC5FA4A0218","5262-8244-4423-8458","","","","","67","60","","","2","2","","3","","41","4","","60","41FC391210C44A63B4AE3BC5FA4A0218","AI chatbot","interact with an AI chatbot for 15 minutes","interacting with an AI chatbot for 15 minutes","with the AI chatbot you used?","Interacting with the chatbot","AI Companion"
"2024-12-21 06:14:51","2024-12-21 06:56:00","0","Anonymized","100","2468","1","2024-12-21 06:56:00","R_7TH1XU60vOSksRb","","","","","Anonymized","Anonymized","anonymous","EN","1","2","2","7DE85B8094D84631B628A218905A0121","8964-9843-7493-7168","","","","","50","30","","","1","2","","3","","41","3","","85","7DE85B8094D84631B628A218905A0121","AI chatbot","interact with an AI chatbot for 15 minutes","interacting with an AI chatbot for 15 minutes","with the AI chatbot you used?","Interacting with the chatbot","AI Companion"
"2024-12-21 06:44:32","2024-12-21 07:06:07","0","Anonymized","100","1295","1","2024-12-21 07:06:07","R_3CeuqZ6DJS3RYNX","","","","","Anonymized","Anonymized","anonymous","EN","1","2","2","E31612DC254A4C4B96E221E9267AE860","4509-4574-6821-4690","","","","","67","68","","","2","2","","3","","52","4","","76","E31612DC254A4C4B96E221E9267AE860","AI chatbot","interact with an AI chatbot for 15 minutes","interacting with an AI chatbot for 15 minutes","with the AI chatbot you used?","Interacting with the chatbot","AI Companion"
"2024-12-21 06:43:06","2024-12-21 07:10:41","0","Anonymized","100","1654","1","2024-12-21 07:10:42","R_71tZchmS6azlf2H","","","","","Anonymized","Anonymized","anonymous","EN","1","2","2","08341A4AFE994CC7BEACA635E184C9F8","","155.053","652.13","923.464","14","100","95","1","I enjoy writing a self-reflection when asked because i can grow from my own experiences. ","1","2","","6","Caucasian","30","1","","82","08341A4AFE994CC7BEACA635E184C9F8","journaling","be journaling for 15 minutes about anything on your mind or anything you've experienced lately","journaling for 15 minutes","of journaling for 15 minutes","Writing in the journal",""
"2024-12-21 06:54:34","2024-12-21 07:13:56","0","Anonymized","100","1161","1","2024-12-21 07:13:56","R_3PsPM7NyGCzGPKY","","","","","Anonymized","Anonymized","anonymous","EN","1","2","2","91EC458F68FA47F1B6C64A0D567697BB","4691-4401-0631-6303","","","","","90","0","","","1","1","","3","","55","4","","100","91EC458F68FA47F1B6C64A0D567697BB","AI chatbot","interact with an AI chatbot for 15 minutes","interacting with an AI chatbot for 15 minutes","with the AI chatbot you used?","Interacting with the chatbot","AI Companion"
"2024-12-21 06:59:43","2024-12-21 07:17:02","0","Anonymized","100","1038","1","2024-12-21 07:17:02","R_5NXCkXKSSEjpiP7","","","","","Anonymized","Anonymized","anonymous","EN","1","2","2","4364D011A8F84919A5C6B347E62EB848","6339-2011-3221-7968","","","","","80","65","","","1","1","","2","","41","3","","70","4364D011A8F84919A5C6B347E62EB848","AI chatbot","interact with an AI chatbot for 15 minutes","interacting with an AI chatbot for 15 minutes","with the AI chatbot you used?","Interacting with the chatbot","AI Companion"
"2024-12-21 07:01:09","2024-12-21 07:18:23","0","Anonymized","100","1034","1","2024-12-21 07:18:24","R_5TA8jOcS7w4NOZW","","","","","Anonymized","Anonymized","anonymous","EN","1","2","2","F04AEE70B4024D7BB921988FBA7F21A2","","16.149","865.589","906.246","23","100","88","1","I was able to focus and journal for the entire 15 min. It went by faster than I expected. ","2","2","","3","","27","2","","100","F04AEE70B4024D7BB921988FBA7F21A2","journaling","be journaling for 15 minutes about anything on your mind or anything you've experienced lately","journaling for 15 minutes","of journaling for 15 minutes","Writing in the journal",""
"2024-12-21 07:06:59","2024-12-21 07:24:08","0","Anonymized","100","1028","1","2024-12-21 07:24:08","R_1CgVr7zeW3pNXqN","","","","","Anonymized","Anonymized","anonymous","EN","1","2","2","12F27CA2AFC84CCCB409C079D19B9624","","1.131","890.723","910.318","162","100","80","1","I journaled for 15 minutes. ","2","4","nonbinary","3","","33","5","","70","12F27CA2AFC84CCCB409C079D19B9624","journaling","be journaling for 15 minutes about anything on your mind or anything you've experienced lately","journaling for 15 minutes","of journaling for 15 minutes","Writing in the journal",""
"2024-12-21 07:24:47","2024-12-21 07:25:48","0","Anonymized","100","61","1","2024-12-21 07:25:49","R_7j68XL5jlDpHLuU","","","","","Anonymized","Anonymized","anonymous","EN","1","2","1","","","","","","","","","","","","","","","","","","","","8DE8F7304EB547E38243B045017EBE74","","","","","",""
"2024-12-21 07:08:28","2024-12-21 07:26:27","0","Anonymized","100","1078","1","2024-12-21 07:26:27","R_5m2fLP3StVULjoJ","","","","","Anonymized","Anonymized","anonymous","EN","1","2","2","F7D40967AFF441E08EE288EBFBFBB8E6","0755-7696-8137-2702","","","","","90","60","","","1","1","","2","","34","4","","95","F7D40967AFF441E08EE288EBFBFBB8E6","AI chatbot","interact with an AI chatbot for 15 minutes","interacting with an AI chatbot for 15 minutes","with the AI chatbot you used?","Interacting with the chatbot","AI Companion"
"2024-12-21 07:20:16","2024-12-21 07:37:57","0","Anonymized","100","1061","1","2024-12-21 07:37:58","R_5L1hfAB3XArcvSs","","","","","Anonymized","Anonymized","anonymous","EN","1","2","2","E957DAF4AC94421F8D4019F3EC395D40","4975-0500-2051-0442","","","","","93","50","","","2","1","","3","","32","4","","100","E957DAF4AC94421F8D4019F3EC395D40","AI chatbot","interact with an AI chatbot for 15 minutes","interacting with an AI chatbot for 15 minutes","with the AI chatbot you used?","Interacting with the chatbot","AI Companion"
"2024-12-21 07:29:16","2024-12-21 07:46:05","0","Anonymized","100","1008","1","2024-12-21 07:46:05","R_1H7d5sOXE7XR6c3","","","","","Anonymized","Anonymized","anonymous","EN","1","2","2","2E0731A619E5492A903792CA37B6B8D2","","22.086","462.86","930.513","12","90","50","1","I started typing for 15 mins about the main thing in my life right now.","2","1","","5","","32","3","","80","2E0731A619E5492A903792CA37B6B8D2","journaling","be journaling for 15 minutes about anything on your mind or anything you've experienced lately","journaling for 15 minutes","of journaling for 15 minutes","Writing in the journal",""
"2024-12-21 07:26:21","2024-12-21 07:46:12","0","Anonymized","100","1190","1","2024-12-21 07:46:12","R_6A3wvAMdawkOQkV","","","","","Anonymized","Anonymized","anonymous","EN","1","2","2","8DE8F7304EB547E38243B045017EBE74","9330-6382-7904-3399","","","","","61","21","","","1","1","","1","","51","3","","71","8DE8F7304EB547E38243B045017EBE74","AI chatbot","interact with an AI chatbot for 15 minutes","interacting with an AI chatbot for 15 minutes","with the AI chatbot you used?","Interacting with the chatbot","AI Companion"
"2024-12-21 07:29:29","2024-12-21 07:49:50","0","Anonymized","100","1220","1","2024-12-21 07:49:51","R_3ahSAmRBNFSJmg4","","","","","Anonymized","Anonymized","anonymous","EN","1","2","2","B904214ED3A943C9809974E0A7D08B86","7175-2474-0769-5671","","","","","73","84","","","1","2","","2","","30","4","","73","B904214ED3A943C9809974E0A7D08B86","AI chatbot","interact with an AI chatbot for 15 minutes","interacting with an AI chatbot for 15 minutes","with the AI chatbot you used?","Interacting with the chatbot","AI Companion"
"2024-12-21 07:27:24","2024-12-21 07:51:30","0","Anonymized","100","1445","1","2024-12-21 07:51:30","R_7jqCCRXwnEsUNCJ","","","","","Anonymized","Anonymized","anonymous","EN","1","2","2","2A11C763B2AA4F44A119087F67F0517B","3818-7790-7353-5851","","","","","100","100","","","2","2","","1","","44","1","","90","2A11C763B2AA4F44A119087F67F0517B","AI chatbot","interact with an AI chatbot for 15 minutes","interacting with an AI chatbot for 15 minutes","with the AI chatbot you used?","Interacting with the chatbot","AI Companion"
"2024-12-21 07:41:24","2024-12-21 07:58:36","0","Anonymized","100","1031","1","2024-12-21 07:58:36","R_5V7u6rpzsxPvlUm","","","","","Anonymized","Anonymized","anonymous","EN","1","2","2","3975658E32674F60A37B22D088EAAE79","","11.237","901.001","912.59","106","100","68","1","I journaled about my feelings and experiences for 15 minutes.","2","2","","3","","30","4","","0","3975658E32674F60A37B22D088EAAE79","journaling","be journaling for 15 minutes about anything on your mind or anything you've experienced lately","journaling for 15 minutes","of journaling for 15 minutes","Writing in the journal",""
"2024-12-21 07:38:37","2024-12-21 07:59:28","0","Anonymized","100","1250","1","2024-12-21 07:59:28","R_1vUXArYWh49f1Id","","","","","Anonymized","Anonymized","anonymous","EN","1","2","2","9FBA6C541BE3462BAE479C5638CB9F29","9573-2600-7546-5870","","","","","60","30","","","1","1","","3","","22","2","","55","9FBA6C541BE3462BAE479C5638CB9F29","AI chatbot","interact with an AI chatbot for 15 minutes","interacting with an AI chatbot for 15 minutes","with the AI chatbot you used?","Interacting with the chatbot","AI Companion"
"2024-12-21 07:43:25","2024-12-21 08:00:59","0","Anonymized","100","1053","1","2024-12-21 08:01:00","R_1foDTG3xqQTXHG5","","","","","Anonymized","Anonymized","anonymous","EN","1","2","2","BCE9158D8EC84D9CA74C7C0943809625","","27.67","529.287","903.459","7","100","100","1","I wrote about my thoughts for fifteen minutes.","1","2","","3","","46","4","","93","BCE9158D8EC84D9CA74C7C0943809625","journaling","be journaling for 15 minutes about anything on your mind or anything you've experienced lately","journaling for 15 minutes","of journaling for 15 minutes","Writing in the journal",""
"2024-12-21 07:44:29","2024-12-21 08:01:20","0","Anonymized","100","1010","1","2024-12-21 08:01:20","R_51iAu9qqwV63JkF","","","","","Anonymized","Anonymized","anonymous","EN","1","2","2","EBAFB8F0F5F04F348544AC7A384BAEF1","2141-6872-6200-1385","","","","","70","51","","","1","2","","5","","36","4","","40","EBAFB8F0F5F04F348544AC7A384BAEF1","AI chatbot","interact with an AI chatbot for 15 minutes","interacting with an AI chatbot for 15 minutes","with the AI chatbot you used?","Interacting with the chatbot","AI Companion"
"2024-12-21 07:49:26","2024-12-21 08:08:04","0","Anonymized","100","1117","1","2024-12-21 08:08:04","R_29eIaU5wmt48OEV","","","","","Anonymized","Anonymized","anonymous","EN","1","2","2","613B580C07A84D71B6651F80429494CB","9213-8271-3252-5083","","","","","76","91","","","1","1","","3","","65","4","","70","613B580C07A84D71B6651F80429494CB","AI chatbot","interact with an AI chatbot for 15 minutes","interacting with an AI chatbot for 15 minutes","with the AI chatbot you used?","Interacting with the chatbot","AI Companion"
"2024-12-21 07:54:46","2024-12-21 08:12:55","0","Anonymized","100","1089","1","2024-12-21 08:12:56","R_5FrXB5Q5eL4jniH","","","","","Anonymized","Anonymized","anonymous","EN","1","2","2","8FC2F8F95FA24B3FA72146ED1F15FD51","","22.751","918.842","926.829","8","90","60","1","I journaled for the entire 15 minutes.  There were a couple of instances where I stopped writing to think, but for the most part I typed consistently and constantly during the 15 minutes. ","2","2","","1","","60","4","","70","8FC2F8F95FA24B3FA72146ED1F15FD51","journaling","be journaling for 15 minutes about anything on your mind or anything you've experienced lately","journaling for 15 minutes","of journaling for 15 minutes","Writing in the journal",""
"2024-12-21 08:01:07","2024-12-21 08:18:34","0","Anonymized","100","1047","1","2024-12-21 08:18:35","R_15EMlQZzcqNkOBc","","","","","Anonymized","Anonymized","anonymous","EN","1","2","2","59BE83820CEF4E409BDC5B316AD63E3D","","18.546","19.464","921.772","2","100","100","2","i had to use the bathroom for like 4 minutes","1","2","","1","","20","2","","87","59BE83820CEF4E409BDC5B316AD63E3D","journaling","be journaling for 15 minutes about anything on your mind or anything you've experienced lately","journaling for 15 minutes","of journaling for 15 minutes","Writing in the journal",""
"2024-12-21 07:59:36","2024-12-21 08:19:38","0","Anonymized","100","1202","1","2024-12-21 08:19:39","R_3SlibgyZq5BsLSs","","","","","Anonymized","Anonymized","anonymous","EN","1","2","2","B54EBF8141444C9BA8B2925837D1E0E5","0358-9300-0757-9648","","","","","90","0","","","1","2","","3","","38","3","","70","B54EBF8141444C9BA8B2925837D1E0E5","AI chatbot","interact with an AI chatbot for 15 minutes","interacting with an AI chatbot for 15 minutes","with the AI chatbot you used?","Interacting with the chatbot","AI Companion"
"2024-12-21 08:00:49","2024-12-21 08:19:40","0","Anonymized","100","1130","1","2024-12-21 08:19:40","R_7ToQmBj6l6HNCef","","","","","Anonymized","Anonymized","anonymous","EN","1","2","2","A00D9101C02A4BAD96227AEEBD167246","7664-6123-2030-0760","","","","","65","20","","","2","1","","3","","31","4","","100","A00D9101C02A4BAD96227AEEBD167246","AI chatbot","interact with an AI chatbot for 15 minutes","interacting with an AI chatbot for 15 minutes","with the AI chatbot you used?","Interacting with the chatbot","AI Companion"
"2024-12-21 08:02:28","2024-12-21 08:19:47","0","Anonymized","100","1039","1","2024-12-21 08:19:48","R_1hGU7Ygmok0E9P6","","","","","Anonymized","Anonymized","anonymous","EN","1","2","2","790E1D42B4FD4660A11CCAEB1BDB235E","","1.094","891.178","902.942","25","66","51","1","i journaled","2","2","","3","","42","4","","68","790E1D42B4FD4660A11CCAEB1BDB235E","journaling","be journaling for 15 minutes about anything on your mind or anything you've experienced lately","journaling for 15 minutes","of journaling for 15 minutes","Writing in the journal",""
"2024-12-21 07:59:21","2024-12-21 08:20:04","0","Anonymized","100","1242","1","2024-12-21 08:20:05","R_1OprnhY6ryXO8JK","","","","","Anonymized","Anonymized","anonymous","EN","1","2","2","900571D1C18346059C7FDE643888BD42","","17.017","493.652","1049.905","4","81","78","2","I journaled on and off, but i find it difficult to write for so long without stopping","2","1","","5","","33","3","","100","900571D1C18346059C7FDE643888BD42","journaling","be journaling for 15 minutes about anything on your mind or anything you've experienced lately","journaling for 15 minutes","of journaling for 15 minutes","Writing in the journal",""
"2024-12-21 08:01:39","2024-12-21 08:21:34","0","Anonymized","100","1194","1","2024-12-21 08:21:34","R_6spKgK4pZuMlM4f","","","","","Anonymized","Anonymized","anonymous","EN","1","2","2","C92982DE5FB04198A72A18AF6B03E2C6","1254-0918-4827-0192","","","","","56","43","","","1","2","","3","","47","4","","82","C92982DE5FB04198A72A18AF6B03E2C6","AI chatbot","interact with an AI chatbot for 15 minutes","interacting with an AI chatbot for 15 minutes","with the AI chatbot you used?","Interacting with the chatbot","AI Companion"
"2024-12-21 08:04:30","2024-12-21 08:22:31","0","Anonymized","100","1080","1","2024-12-21 08:22:31","R_5pStJTLOeqCj78b","","","","","Anonymized","Anonymized","anonymous","EN","1","2","2","611373852756474FAD0809EF7B1D46B2","1145-9460-6246-9967","","","","","82","0","","","1","1","","1","","38","5","","100","611373852756474FAD0809EF7B1D46B2","AI chatbot","interact with an AI chatbot for 15 minutes","interacting with an AI chatbot for 15 minutes","with the AI chatbot you used?","Interacting with the chatbot","AI Companion"
"2024-12-21 08:02:47","2024-12-21 08:22:44","0","Anonymized","100","1197","1","2024-12-21 08:22:45","R_537mQb0OIZL9vPf","","","","","Anonymized","Anonymized","anonymous","EN","1","2","2","5B127BDC346F4000991D74FFC1999CD0","","1.982","920.569","921.718","6","66","41","1","I was able to journal for 15 minutes without distraction","1","1","","3","","35","6","","91","5B127BDC346F4000991D74FFC1999CD0","journaling","be journaling for 15 minutes about anything on your mind or anything you've experienced lately","journaling for 15 minutes","of journaling for 15 minutes","Writing in the journal",""
"2024-12-21 08:07:01","2024-12-21 08:24:05","0","Anonymized","100","1024","1","2024-12-21 08:24:06","R_5FWqU9ROdPOamau","","","","","Anonymized","Anonymized","anonymous","EN","1","2","2","3FCF6FCDF502483E835D8974A64175E6","2200-1243-7940-6616","","","","","66","58","","","1","1","","2","","24","4","","35","3FCF6FCDF502483E835D8974A64175E6","AI chatbot","interact with an AI chatbot for 15 minutes","interacting with an AI chatbot for 15 minutes","with the AI chatbot you used?","Interacting with the chatbot","AI Companion"
"2024-12-21 08:21:04","2024-12-21 08:38:14","0","Anonymized","100","1030","1","2024-12-21 08:38:15","R_5LjKWqoAgHHF6Tw","","","","","Anonymized","Anonymized","anonymous","EN","1","2","2","BDF7C76A9FF149B9A37F9D9930233045","5418-2651-7080-5968","","","","","27","14","","","1","2","","3","","50","4","","73","BDF7C76A9FF149B9A37F9D9930233045","AI chatbot","interact with an AI chatbot for 15 minutes","interacting with an AI chatbot for 15 minutes","with the AI chatbot you used?","Interacting with the chatbot","AI Companion"
"2024-12-21 08:20:57","2024-12-21 08:38:18","0","Anonymized","100","1040","1","2024-12-21 08:38:18","R_7v1gAazNMJvgsUx","","","","","Anonymized","Anonymized","anonymous","EN","1","2","2","16BD92D3744F4002919E927F42836452","","18.606","923.839","927.953","6","100","80","1","I just wrote what I was thinking. It wasn't difficult.","1","1","","3","","47","3","","60","16BD92D3744F4002919E927F42836452","journaling","be journaling for 15 minutes about anything on your mind or anything you've experienced lately","journaling for 15 minutes","of journaling for 15 minutes","Writing in the journal",""
"2024-12-21 08:20:48","2024-12-21 08:38:27","0","Anonymized","100","1058","1","2024-12-21 08:38:28","R_1Pq5zZOwhxpZpua","","","","","Anonymized","Anonymized","anonymous","EN","1","2","2","4637008E66254112A99361F0BDBD6B7F","","25.982","913.426","927.968","15","73","22","1","I was able to write down my thoughts for the full 15 minutes, I did not run out of things to say. ","1","1","","3","","39","4","","15","4637008E66254112A99361F0BDBD6B7F","journaling","be journaling for 15 minutes about anything on your mind or anything you've experienced lately","journaling for 15 minutes","of journaling for 15 minutes","Writing in the journal",""
"2024-12-21 08:25:20","2024-12-21 08:43:18","0","Anonymized","100","1077","1","2024-12-21 08:43:18","R_5VHC08ZXsf3SKTL","","","","","Anonymized","Anonymized","anonymous","EN","1","2","2","9D4C10E943AC4CE3B23CB8A310E4F283","","88.626","946.122","992.552","17","69","40","1","I sat at my desk and slowly journaled my thoughts until the 15 minute timer was up","1","2","","3","","24","3","","11","9D4C10E943AC4CE3B23CB8A310E4F283","journaling","be journaling for 15 minutes about anything on your mind or anything you've experienced lately","journaling for 15 minutes","of journaling for 15 minutes","Writing in the journal",""
"2024-12-21 08:32:34","2024-12-21 08:48:57","0","Anonymized","100","983","1","2024-12-21 08:48:58","R_6PXH4WlWE4hhyrC","","","","","Anonymized","Anonymized","anonymous","EN","1","2","2","9D40255EAA334DDF8FC6F6107872323D","9279-9315-0354-1995","","","","","86","23","","","1","1","","3","","21","4","","76","9D40255EAA334DDF8FC6F6107872323D","AI chatbot","interact with an AI chatbot for 15 minutes","interacting with an AI chatbot for 15 minutes","with the AI chatbot you used?","Interacting with the chatbot","AI Companion"
"2024-12-21 08:35:07","2024-12-21 08:52:15","0","Anonymized","100","1027","1","2024-12-21 08:52:15","R_1ab2FYnRIsijtpt","","","","","Anonymized","Anonymized","anonymous","EN","1","2","2","8FF4E93AECD743C481BB827E6440F927","0243-3968-6802-5983","","","","","100","80","","","2","2","","3","","35","4","","90","8FF4E93AECD743C481BB827E6440F927","AI chatbot","interact with an AI chatbot for 15 minutes","interacting with an AI chatbot for 15 minutes","with the AI chatbot you used?","Interacting with the chatbot","AI Companion"
"2024-12-21 08:35:29","2024-12-21 08:52:41","0","Anonymized","100","1031","1","2024-12-21 08:52:41","R_5A4BeVjgQPxZshX","","","","","Anonymized","Anonymized","anonymous","EN","1","2","2","0DED8ACFE86A46A9807429D9C3DC28AE","","20.533","922.785","924.31","8","81","60","1","I remained writing during my 15 minutes and did not do other tasks during that time.","2","2","","2","","22","4","","34","0DED8ACFE86A46A9807429D9C3DC28AE","journaling","be journaling for 15 minutes about anything on your mind or anything you've experienced lately","journaling for 15 minutes","of journaling for 15 minutes","Writing in the journal",""
"2024-12-21 08:36:34","2024-12-21 08:53:07","0","Anonymized","100","992","1","2024-12-21 08:53:07","R_6dszbkvhXIPim8I","","","","","Anonymized","Anonymized","anonymous","EN","1","2","2","68480E79A075485F965A028E331E21A6","","9.641","457.499","917.286","6","72","65","1","I wrote for 15 minutes. ","1","1","","3","","39","3","","68","68480E79A075485F965A028E331E21A6","journaling","be journaling for 15 minutes about anything on your mind or anything you've experienced lately","journaling for 15 minutes","of journaling for 15 minutes","Writing in the journal",""
"2024-12-21 08:19:55","2024-12-21 08:53:08","0","Anonymized","100","1993","1","2024-12-21 08:53:08","R_1MFOyPdRlpTDPdr","","","","","Anonymized","Anonymized","anonymous","EN","1","2","2","1E3A57998C7949B7A731969856C2F15D","3724-1027-6032-0446","","","","","58","61","","","2","2","","3","","29","3","","34","1E3A57998C7949B7A731969856C2F15D","AI chatbot","interact with an AI chatbot for 15 minutes","interacting with an AI chatbot for 15 minutes","with the AI chatbot you used?","Interacting with the chatbot","AI Companion"
"2024-12-21 08:30:03","2024-12-21 08:58:52","0","Anonymized","100","1728","1","2024-12-21 08:58:52","R_54Oj80uR6CntWNl","","","","","Anonymized","Anonymized","anonymous","EN","1","2","2","84B257E2CACE4F8A988676EDA1451071","","25.909","1404.359","1480.071","12","85","85","1","I have no problem writing out my thoughts. It helps me function.","1","1","","3","","64","3","","90","84B257E2CACE4F8A988676EDA1451071","journaling","be journaling for 15 minutes about anything on your mind or anything you've experienced lately","journaling for 15 minutes","of journaling for 15 minutes","Writing in the journal",""
"2024-12-21 08:41:42","2024-12-21 08:59:57","0","Anonymized","100","1095","1","2024-12-21 08:59:58","R_7rC5EBiGhOHh1bU","","","","","Anonymized","Anonymized","anonymous","EN","1","2","2","2FCDA059420B43008E72EB4AABD5C96D","","15.496","40.762","1012.524","2","100","0","1","It was extremely boring, I didn't know what to write. I just wrote small things that came into my mind. Some of the stuff I deleted cause I thought it was dumb.","2","2","","3","","37","4","","60","2FCDA059420B43008E72EB4AABD5C96D","journaling","be journaling for 15 minutes about anything on your mind or anything you've experienced lately","journaling for 15 minutes","of journaling for 15 minutes","Writing in the journal",""
"2024-12-21 08:42:53","2024-12-21 09:01:54","0","Anonymized","100","1140","1","2024-12-21 09:01:55","R_7gMLvSlVOOLpdAW","","","","","Anonymized","Anonymized","anonymous","EN","1","2","2","2FABBF0FB80E408DBF8C1F1D82FEC311","4660-2454-5230-0066","","","","","71","0","","","2","1","","3","","39","3","","82","2FABBF0FB80E408DBF8C1F1D82FEC311","AI chatbot","interact with an AI chatbot for 15 minutes","interacting with an AI chatbot for 15 minutes","with the AI chatbot you used?","Interacting with the chatbot","AI Companion"
"2024-12-21 09:01:51","2024-12-21 09:02:58","0","Anonymized","100","66","1","2024-12-21 09:02:59","R_7P2b9NOXpCquklp","","","","","Anonymized","Anonymized","anonymous","EN","2","","","","","","","","","","","","","","","","","","","","","","DF8D87B19E1C4505AB5A95F6F2659DC4","","","","","",""
"2024-12-21 08:49:09","2024-12-21 09:05:31","0","Anonymized","100","982","1","2024-12-21 09:05:31","R_5kFhvSp5r1R1TDL","","","","","Anonymized","Anonymized","anonymous","EN","1","2","2","787C289EDC204DF286EFE9EAE98551E4","","5.173","893.183","904.186","19","61","0","1","I followed the instructions, that's about it.","1","1","","3","","46","4","","10","787C289EDC204DF286EFE9EAE98551E4","journaling","be journaling for 15 minutes about anything on your mind or anything you've experienced lately","journaling for 15 minutes","of journaling for 15 minutes","Writing in the journal",""
"2024-12-21 08:49:06","2024-12-21 09:06:13","0","Anonymized","100","1027","1","2024-12-21 09:06:14","R_1RrQcvzobpf2uTv","","","","","Anonymized","Anonymized","anonymous","EN","1","2","2","1B5492F4DC514293B0860E095F6AA6E1","","16.806","779.913","907.645","14","93","59","1","I did a thorough brain dump and ranted about all of my troubles in the blue arrow appeared...and it felt quite good. :) ","2","2","","3","","40","3","","23","1B5492F4DC514293B0860E095F6AA6E1","journaling","be journaling for 15 minutes about anything on your mind or anything you've experienced lately","journaling for 15 minutes","of journaling for 15 minutes","Writing in the journal",""
"2024-12-21 08:54:41","2024-12-21 09:11:39","0","Anonymized","100","1018","1","2024-12-21 09:11:40","R_5EFsQvABJprcrBn","","","","","Anonymized","Anonymized","anonymous","EN","1","2","2","B328D7890C6C4C1A9CD1168BB13E3ADE","9016-3675-2036-2617","","","","","92","39","","","1","1","","1","","40","3","","97","B328D7890C6C4C1A9CD1168BB13E3ADE","AI chatbot","interact with an AI chatbot for 15 minutes","interacting with an AI chatbot for 15 minutes","with the AI chatbot you used?","Interacting with the chatbot","AI Companion"
"2024-12-21 09:00:59","2024-12-21 09:17:24","0","Anonymized","100","985","1","2024-12-21 09:17:25","R_3Jgd210qgeQO9sW","","","","","Anonymized","Anonymized","anonymous","EN","1","2","2","3D57AC1420314470954BBF22A67A54A4","4619-9880-2568-5658","","","","","68","13","","","2","1","","3","","37","4","","91","3D57AC1420314470954BBF22A67A54A4","AI chatbot","interact with an AI chatbot for 15 minutes","interacting with an AI chatbot for 15 minutes","with the AI chatbot you used?","Interacting with the chatbot","AI Companion"
"2024-12-21 08:57:34","2024-12-21 09:21:14","0","Anonymized","100","1419","1","2024-12-21 09:21:15","R_1MgvpKDDdrOga9b","","","","","Anonymized","Anonymized","anonymous","EN","1","2","2","F2E00CD3924E4A17917E2E3DC5BF0C65","","304.236","1166.48","1208.358","17","100","100","1","I journaled the entire time.","1","1","","1","","51","4","","100","F2E00CD3924E4A17917E2E3DC5BF0C65","journaling","be journaling for 15 minutes about anything on your mind or anything you've experienced lately","journaling for 15 minutes","of journaling for 15 minutes","Writing in the journal",""
"2024-12-21 09:04:52","2024-12-21 09:21:33","0","Anonymized","100","1000","1","2024-12-21 09:21:34","R_3CGUi4lPxLLPHmg","","","","","Anonymized","Anonymized","anonymous","EN","1","2","2","4ACDD2C6DD4C496CAB52D56789143E6C","8182-4736-3662-1733","","","","","99","27","","","1","2","","4","","34","5","","17","4ACDD2C6DD4C496CAB52D56789143E6C","AI chatbot","interact with an AI chatbot for 15 minutes","interacting with an AI chatbot for 15 minutes","with the AI chatbot you used?","Interacting with the chatbot","AI Companion"
"2024-12-21 09:07:54","2024-12-21 09:25:23","0","Anonymized","100","1048","1","2024-12-21 09:25:24","R_5QVw2a6AAq2uSwj","","","","","Anonymized","Anonymized","anonymous","EN","1","2","2","76DA275389D6453599685EF9AD8EE32E","","6.934","622.714","959.092","5","100","53","1","I was quickly able to think of something to write about.","1","2","","5","","36","4","","50","76DA275389D6453599685EF9AD8EE32E","journaling","be journaling for 15 minutes about anything on your mind or anything you've experienced lately","journaling for 15 minutes","of journaling for 15 minutes","Writing in the journal",""
"2024-12-21 09:12:01","2024-12-21 09:29:58","0","Anonymized","100","1077","1","2024-12-21 09:29:59","R_1mGMwIFZP9T2eVb","","","","","Anonymized","Anonymized","anonymous","EN","1","2","2","A072CC587AC74AF685DEE6707FEE2DC2","3626-4164-8590-8428","","","","","100","80","","","1","2","","3","","50","4","","90","A072CC587AC74AF685DEE6707FEE2DC2","AI chatbot","interact with an AI chatbot for 15 minutes","interacting with an AI chatbot for 15 minutes","with the AI chatbot you used?","Interacting with the chatbot","AI Companion"
"2024-12-21 09:13:14","2024-12-21 09:32:44","0","Anonymized","100","1169","1","2024-12-21 09:32:45","R_3KiEr2w5yELAcjO","","","","","Anonymized","Anonymized","anonymous","EN","1","2","2","C33C684800E84D189D66D12BD4A0D323","2787-2580-5673-3387","","","","","80","0","","","1","2","","3","","57","4","","70","C33C684800E84D189D66D12BD4A0D323","AI chatbot","interact with an AI chatbot for 15 minutes","interacting with an AI chatbot for 15 minutes","with the AI chatbot you used?","Interacting with the chatbot","AI Companion"
"2024-12-21 09:15:56","2024-12-21 09:32:50","0","Anonymized","100","1014","1","2024-12-21 09:32:51","R_7OTlUejzTVUllMG","","","","","Anonymized","Anonymized","anonymous","EN","1","2","2","4811FD2C0DCA4BEA981395A07B453AF7","","17.64","883.357","919.911","13","100","0","1","It was easy, as I had a recent event that I got to discuss in vast, expressive detail. Also I like to write.","1","2","","3","","37","4","","25","4811FD2C0DCA4BEA981395A07B453AF7","journaling","be journaling for 15 minutes about anything on your mind or anything you've experienced lately","journaling for 15 minutes","of journaling for 15 minutes","Writing in the journal",""
"2024-12-21 09:23:50","2024-12-21 09:44:03","0","Anonymized","100","1213","1","2024-12-21 09:44:04","R_1XiFQcNzbq9EgJB","","","","","Anonymized","Anonymized","anonymous","EN","1","2","2","93412792BA684278ADE0F36405CEE4CC","","3.086","993.432","995.733","48","100","100","1","There were times when I stopped and thought about what I was saying next but I didn't do anything else for those 15 minutes ","1","1","","1","","39","3","","100","93412792BA684278ADE0F36405CEE4CC","journaling","be journaling for 15 minutes about anything on your mind or anything you've experienced lately","journaling for 15 minutes","of journaling for 15 minutes","Writing in the journal",""
"2024-12-21 09:33:02","2024-12-21 09:50:18","0","Anonymized","100","1035","1","2024-12-21 09:50:19","R_3NwWFHiOMwE1Rms","","","","","Anonymized","Anonymized","anonymous","EN","1","2","2","B2C5B9B686834AB0911CA96CB73727D9","","23.67","24.943","864.224","2","82","60","1","Yes I was able to follow directions","2","1","","1","","42","5","","30","B2C5B9B686834AB0911CA96CB73727D9","journaling","be journaling for 15 minutes about anything on your mind or anything you've experienced lately","journaling for 15 minutes","of journaling for 15 minutes","Writing in the journal",""
"2024-12-21 09:34:42","2024-12-21 09:52:45","0","Anonymized","100","1082","1","2024-12-21 09:52:46","R_5ozsN2AnE6HlcqS","","","","","Anonymized","Anonymized","anonymous","EN","1","2","2","AE1915713E6D406ABCEED46C89E42282","1520-2692-0739-1722","","","","","60","25","","","1","2","","3","","70","1","","70","AE1915713E6D406ABCEED46C89E42282","AI chatbot","interact with an AI chatbot for 15 minutes","interacting with an AI chatbot for 15 minutes","with the AI chatbot you used?","Interacting with the chatbot","AI Companion"
"2024-12-21 09:36:11","2024-12-21 09:53:35","0","Anonymized","100","1043","1","2024-12-21 09:53:35","R_5Sl69VurpkLRcE9","","","","","Anonymized","Anonymized","anonymous","EN","1","2","2","FF9AABD190B6404584DB76541F264A5D","5645-6527-7171-9384","","","","","80","0","","","2","2","","3","","25","4","","50","FF9AABD190B6404584DB76541F264A5D","AI chatbot","interact with an AI chatbot for 15 minutes","interacting with an AI chatbot for 15 minutes","with the AI chatbot you used?","Interacting with the chatbot","AI Companion"
"2024-12-21 09:37:32","2024-12-21 09:55:35","0","Anonymized","100","1082","1","2024-12-21 09:55:35","R_1NWmWbEUJieDYJj","","","","","Anonymized","Anonymized","anonymous","EN","1","2","2","B7CA1BF5EAE646D081EC110AD89FF3E9","","52.322","548.858","955.291","4","100","50","1","I started the 15 minute timer and journaled until the timer was up and it said I could move on to the next question. ","2","2","","3","","23","3","","80","B7CA1BF5EAE646D081EC110AD89FF3E9","journaling","be journaling for 15 minutes about anything on your mind or anything you've experienced lately","journaling for 15 minutes","of journaling for 15 minutes","Writing in the journal",""
"2024-12-21 09:30:31","2024-12-21 09:57:59","0","Anonymized","100","1647","1","2024-12-21 09:57:59","R_3P7RydKJUtZo3vJ","","","","","Anonymized","Anonymized","anonymous","EN","1","2","2","CBD2053ABF324C2BBB3539CDA271B58F","9760-3411-0756-0337","","","","","65","62","","","1","2","","3","","48","5","","18","CBD2053ABF324C2BBB3539CDA271B58F","AI chatbot","interact with an AI chatbot for 15 minutes","interacting with an AI chatbot for 15 minutes","with the AI chatbot you used?","Interacting with the chatbot","AI Companion"
"2024-12-21 09:41:41","2024-12-21 09:59:51","0","Anonymized","100","1089","1","2024-12-21 09:59:52","R_55SmegtwOg2C04P","","","","","Anonymized","Anonymized","anonymous","EN","1","2","2","D67E4A7253E34596A21985B395E18907","7937-1952-5009-6305","","","","","64","60","","","1","1","","3","","38","4","","80","D67E4A7253E34596A21985B395E18907","AI chatbot","interact with an AI chatbot for 15 minutes","interacting with an AI chatbot for 15 minutes","with the AI chatbot you used?","Interacting with the chatbot","AI Companion"
"2024-12-21 09:47:10","2024-12-21 10:09:45","0","Anonymized","100","1355","1","2024-12-21 10:09:45","R_5fGRRNO7WQufjdM","","","","","Anonymized","Anonymized","anonymous","EN","1","2","2","99C27F4A4E504014B507AF6CAF3BACF6","","140.417","1140.751","1141.469","32","100","100","1","Yes, I was able to follow the instructions to journal for 15 minutes. I found it an enjoyable experience and may continue this everyday!","1","2","","3","","60","3","","80","99C27F4A4E504014B507AF6CAF3BACF6","journaling","be journaling for 15 minutes about anything on your mind or anything you've experienced lately","journaling for 15 minutes","of journaling for 15 minutes","Writing in the journal",""
"2024-12-21 09:54:40","2024-12-21 10:13:00","0","Anonymized","100","1100","1","2024-12-21 10:13:01","R_6kHOfzNeTOidWZf","","","","","Anonymized","Anonymized","anonymous","EN","1","2","2","0845645DE05A4970A2AAEC2F50D9F33E","","29.998","761.179","934.683","12","100","100","1","I wrote the whole time. It was good but felt long. Hard to concentrate","2","2","","3","","59","5","","60","0845645DE05A4970A2AAEC2F50D9F33E","journaling","be journaling for 15 minutes about anything on your mind or anything you've experienced lately","journaling for 15 minutes","of journaling for 15 minutes","Writing in the journal",""
"2024-12-21 09:57:47","2024-12-21 10:14:16","0","Anonymized","100","988","1","2024-12-21 10:14:16","R_7E3TM63JROU8QeP","","","","","Anonymized","Anonymized","anonymous","EN","1","2","2","372EA4F9157C458B8AB6412F6BB14992","","14.994","703.336","914.56","9","74","97","1","i just wrote about literally anything in my head for 15 minutes. i like talking to myself lol so this was kind of like that.","1","2","","3","","19","3","","46","372EA4F9157C458B8AB6412F6BB14992","journaling","be journaling for 15 minutes about anything on your mind or anything you've experienced lately","journaling for 15 minutes","of journaling for 15 minutes","Writing in the journal",""
"2024-12-21 09:57:20","2024-12-21 10:16:50","0","Anonymized","100","1169","1","2024-12-21 10:16:51","R_34di0eSF8mMVgwu","","","","","Anonymized","Anonymized","anonymous","EN","1","2","2","75F6BF20A01A4119B31FF392926F51D8","3607-2460-3952-1942","","","","","90","90","","","1","1","","3","","49","2","","0","75F6BF20A01A4119B31FF392926F51D8","AI chatbot","interact with an AI chatbot for 15 minutes","interacting with an AI chatbot for 15 minutes","with the AI chatbot you used?","Interacting with the chatbot","AI Companion"
"2024-12-21 10:05:06","2024-12-21 10:23:17","0","Anonymized","100","1090","1","2024-12-21 10:23:17","R_7KpqYthrhrGIImo","","","","","Anonymized","Anonymized","anonymous","EN","1","2","2","D56161A1C9E24F5A83BA1E61C0CD67E8","","15.108","920.426","921.741","23","91","91","1","While I did not type steadily for 15 minutes, I did think about what I was writing, tried to express thoughts truly. I did not interact with other people or interact with a different device.","1","1","","3","","56","5","","91","D56161A1C9E24F5A83BA1E61C0CD67E8","journaling","be journaling for 15 minutes about anything on your mind or anything you've experienced lately","journaling for 15 minutes","of journaling for 15 minutes","Writing in the journal",""
"2024-12-21 10:06:37","2024-12-21 10:24:40","0","Anonymized","100","1083","1","2024-12-21 10:24:41","R_5dPbdVl9R5WtGxj","","","","","Anonymized","Anonymized","anonymous","EN","1","2","2","B5A3E9BC638B44B88F920EAE1EA54F8C","5403-5453-9480-5064","","","","","84","84","","","1","2","","3","","26","3","","70","B5A3E9BC638B44B88F920EAE1EA54F8C","AI chatbot","interact with an AI chatbot for 15 minutes","interacting with an AI chatbot for 15 minutes","with the AI chatbot you used?","Interacting with the chatbot","AI Companion"
"2024-12-21 10:11:34","2024-12-21 10:28:12","0","Anonymized","100","998","1","2024-12-21 10:28:12","R_1r6VS0cNKxAduCJ","","","","","Anonymized","Anonymized","anonymous","EN","1","2","2","138134215E49412FAA4C0EBEE48FE2D8","7139-6541-3431-7375","","","","","93","0","","","1","2","","3","","49","1","","50","138134215E49412FAA4C0EBEE48FE2D8","AI chatbot","interact with an AI chatbot for 15 minutes","interacting with an AI chatbot for 15 minutes","with the AI chatbot you used?","Interacting with the chatbot","AI Companion"
"2024-12-21 10:17:19","2024-12-21 10:35:22","0","Anonymized","100","1082","1","2024-12-21 10:35:22","R_5nPnrgKGf6Hv3Jq","","","","","Anonymized","Anonymized","anonymous","EN","1","2","2","85FB2B581F6642A5ABB5CBAA90E80624","6920-6445-1587-8494","","","","","64","50","","","1","2","","3","","20","3","","64","85FB2B581F6642A5ABB5CBAA90E80624","AI chatbot","interact with an AI chatbot for 15 minutes","interacting with an AI chatbot for 15 minutes","with the AI chatbot you used?","Interacting with the chatbot","AI Companion"
"2024-12-21 10:19:47","2024-12-21 10:38:05","0","Anonymized","100","1097","1","2024-12-21 10:38:05","R_7quY67Hmt3Axw89","","","","","Anonymized","Anonymized","anonymous","EN","1","2","2","ABD28A39DF7C4DA0A000C1786D43701D","","10.027","200.226","913.427","5","60","10","1","I journaled for the entire 15 minutes","1","1","","3","","47","4","","70","ABD28A39DF7C4DA0A000C1786D43701D","journaling","be journaling for 15 minutes about anything on your mind or anything you've experienced lately","journaling for 15 minutes","of journaling for 15 minutes","Writing in the journal",""
"2024-12-21 10:23:41","2024-12-21 10:41:28","0","Anonymized","100","1067","1","2024-12-21 10:41:29","R_1BbYhYuu6hlPt4d","","","","","Anonymized","Anonymized","anonymous","EN","1","2","2","940705160A07482C8132B577C8A44B38","","56.215","956.23","957.891","6","100","95","1","I wrote constantly the whole 15 minutes just about anything I wanted, how I felt, my feelings towards certain things.","1","1","","3","","26","1","","59","940705160A07482C8132B577C8A44B38","journaling","be journaling for 15 minutes about anything on your mind or anything you've experienced lately","journaling for 15 minutes","of journaling for 15 minutes","Writing in the journal",""
"2024-12-21 10:24:46","2024-12-21 10:41:40","0","Anonymized","100","1014","1","2024-12-21 10:41:41","R_6saUKxOKbjIXeY6","","","","","Anonymized","Anonymized","anonymous","EN","1","2","2","AAA90E93CCD041138B353C65516CAF3B","","17.079","791.507","919.45","24","100","0","1","I followed instructions","1","1","","3","","26","3","","0","AAA90E93CCD041138B353C65516CAF3B","journaling","be journaling for 15 minutes about anything on your mind or anything you've experienced lately","journaling for 15 minutes","of journaling for 15 minutes","Writing in the journal",""
"2024-12-21 10:25:10","2024-12-21 10:41:55","0","Anonymized","100","1004","1","2024-12-21 10:41:55","R_7DNCg6OUv5D3VB7","","","","","Anonymized","Anonymized","anonymous","EN","1","2","2","85DDE07013CC43B083117014A898A92C","","14.326","793.447","920.502","5","100","100","1","I journaled for 15 minutes and focused exclusively on writing while not doing anything else.","2","1","","1","","30","4","","100","85DDE07013CC43B083117014A898A92C","journaling","be journaling for 15 minutes about anything on your mind or anything you've experienced lately","journaling for 15 minutes","of journaling for 15 minutes","Writing in the journal",""
"2024-12-21 10:24:30","2024-12-21 10:42:28","0","Anonymized","100","1078","1","2024-12-21 10:42:29","R_6HuJsWCXu5RSZK7","","","","","Anonymized","Anonymized","anonymous","EN","1","2","2","3770727455524EEA8B81FA24DAA644B2","9658-9042-9581-1034","","","","","100","0","","","2","2","","3","","63","3","","70","3770727455524EEA8B81FA24DAA644B2","AI chatbot","interact with an AI chatbot for 15 minutes","interacting with an AI chatbot for 15 minutes","with the AI chatbot you used?","Interacting with the chatbot","AI Companion"
"2024-12-21 10:25:35","2024-12-21 10:42:33","0","Anonymized","100","1018","1","2024-12-21 10:42:34","R_51v06jbyD7djLa0","","","","","Anonymized","Anonymized","anonymous","EN","1","2","2","3AD5A946EA014D7DA13DAD479C6959A7","8133-9544-6482-0461","","","","","53","0","","","1","2","","1","","24","3","","84","3AD5A946EA014D7DA13DAD479C6959A7","AI chatbot","interact with an AI chatbot for 15 minutes","interacting with an AI chatbot for 15 minutes","with the AI chatbot you used?","Interacting with the chatbot","AI Companion"
"2024-12-21 10:30:20","2024-12-21 10:47:46","0","Anonymized","100","1046","1","2024-12-21 10:47:47","R_578dDKwJEePMiRS","","","","","Anonymized","Anonymized","anonymous","EN","1","2","2","1983AB50F087429A80077318240332B6","7462-1724-0928-7798","","","","","60","0","","","1","2","","3","","23","3","","65","1983AB50F087429A80077318240332B6","AI chatbot","interact with an AI chatbot for 15 minutes","interacting with an AI chatbot for 15 minutes","with the AI chatbot you used?","Interacting with the chatbot","AI Companion"
"2024-12-21 10:27:42","2024-12-21 10:49:07","0","Anonymized","100","1284","1","2024-12-21 10:49:07","R_6J9Jon243Sdoo9C","","","","","Anonymized","Anonymized","anonymous","EN","1","2","2","48C6DDF666FC42A0B5646FE8041C6828","","61.89","1008.763","1032.976","8","100","89","1","well i sat here for 15 minutes journaling about my mistakes and worries and i only proceeded after the timer ended so i would say i did follow the instructions. i did not talk to anyone or do anything else but the writing task.","2","4","non binary","3","","23","3","","82","48C6DDF666FC42A0B5646FE8041C6828","journaling","be journaling for 15 minutes about anything on your mind or anything you've experienced lately","journaling for 15 minutes","of journaling for 15 minutes","Writing in the journal",""
"2024-12-21 10:29:47","2024-12-21 10:49:51","0","Anonymized","100","1203","1","2024-12-21 10:49:51","R_525Vca2BdTRYBYB","","","","","Anonymized","Anonymized","anonymous","EN","1","2","2","8AEEBF029EAF413CBEE25B445771F43F","","37.693","38.927","948.354","2","100","100","1","I simply wrote down what I was feeling about the upcoming holidays.  I mentioned my stresses related to my mom's cancer, how my sister and her husband usually behave and how that can also cause problems.  I also wrote about my personal feelings related to my boyfriend's behavior recently and how I feel about that.","1","2","","3","","33","2","","80","8AEEBF029EAF413CBEE25B445771F43F","journaling","be journaling for 15 minutes about anything on your mind or anything you've experienced lately","journaling for 15 minutes","of journaling for 15 minutes","Writing in the journal",""
"2024-12-21 10:25:47","2024-12-21 10:51:04","0","Anonymized","100","1517","1","2024-12-21 10:51:05","R_7DBUXcMAsUFzm58","","","","","Anonymized","Anonymized","anonymous","EN","1","2","2","0A250CCD3A95409BB277567E4DB0182C","0599-6860-2775-3768","","","","","100","0","","","1","1","","5","","49","7","","28","0A250CCD3A95409BB277567E4DB0182C","AI chatbot","interact with an AI chatbot for 15 minutes","interacting with an AI chatbot for 15 minutes","with the AI chatbot you used?","Interacting with the chatbot","AI Companion"
"2024-12-21 10:12:39","2024-12-21 10:51:32","0","Anonymized","100","2333","1","2024-12-21 10:51:33","R_1D13QTxXLOT9Bsd","","","","","Anonymized","Anonymized","anonymous","EN","1","2","2","632BB52725C147B986D55B137E0B02B4","","2.64","806.093","916.801","14","76","87","1","yes","1","1","","3","","31","4","","70","632BB52725C147B986D55B137E0B02B4","journaling","be journaling for 15 minutes about anything on your mind or anything you've experienced lately","journaling for 15 minutes","of journaling for 15 minutes","Writing in the journal",""
"2024-12-21 10:33:45","2024-12-21 10:52:23","0","Anonymized","100","1118","1","2024-12-21 10:52:23","R_1pPBxCrM3lQNt0K","","","","","Anonymized","Anonymized","anonymous","EN","1","2","2","5D0DC6F0968149F389D2EE9CB5898AE3","","34.149","35.091","934.445","2","100","80","1","I typed a stream of consciousness about the things on my mind for the full 15 minutes.","1","1","","3","","59","7","","100","5D0DC6F0968149F389D2EE9CB5898AE3","journaling","be journaling for 15 minutes about anything on your mind or anything you've experienced lately","journaling for 15 minutes","of journaling for 15 minutes","Writing in the journal",""
"2024-12-21 10:37:26","2024-12-21 10:56:04","0","Anonymized","100","1118","1","2024-12-21 10:56:05","R_6P0sBVYv75piwaM","","","","","Anonymized","Anonymized","anonymous","EN","1","2","2","8D8E1FD227734441804B364B890AF2D1","8544-2606-0052-7812","","","","","90","20","","","1","1","","3","","57","5","","50","8D8E1FD227734441804B364B890AF2D1","AI chatbot","interact with an AI chatbot for 15 minutes","interacting with an AI chatbot for 15 minutes","with the AI chatbot you used?","Interacting with the chatbot","AI Companion"
"2024-12-21 10:34:58","2024-12-21 10:58:54","0","Anonymized","100","1436","1","2024-12-21 10:58:54","R_5rGkhieY6y1i6RL","","","","","Anonymized","Anonymized","anonymous","EN","1","2","2","109BA9A622504646B55695D0A6FFD00A","6259-8927-6450-5688","","","","","61","53","","","2","1","","3","","32","6","","80","109BA9A622504646B55695D0A6FFD00A","AI chatbot","interact with an AI chatbot for 15 minutes","interacting with an AI chatbot for 15 minutes","with the AI chatbot you used?","Interacting with the chatbot","AI Companion"
"2024-12-21 10:42:48","2024-12-21 10:59:08","0","Anonymized","100","979","1","2024-12-21 10:59:08","R_1iijJX2oPs5k76h","","","","","Anonymized","Anonymized","anonymous","EN","1","2","2","11CCADB4BB58465D8ED9969CB4C1B9FD","","3.94","831.438","905.051","3","74","0","1","I reflected and journaled for 15 mins. ","1","2","","3","","27","5","","50","11CCADB4BB58465D8ED9969CB4C1B9FD","journaling","be journaling for 15 minutes about anything on your mind or anything you've experienced lately","journaling for 15 minutes","of journaling for 15 minutes","Writing in the journal",""
"2024-12-21 10:42:18","2024-12-21 11:00:10","0","Anonymized","100","1071","1","2024-12-21 11:00:10","R_7GxJRVNhxmHSPaN","","","","","Anonymized","Anonymized","anonymous","EN","1","2","2","602AA0DCAE284BD69C0068157CA215EB","","95.928","736.832","999.011","14","100","8","1","I journaled for 15 minutes, what more do you want from me?","1","2","","3","","51","5","","56","602AA0DCAE284BD69C0068157CA215EB","journaling","be journaling for 15 minutes about anything on your mind or anything you've experienced lately","journaling for 15 minutes","of journaling for 15 minutes","Writing in the journal",""
"2024-12-21 10:51:04","2024-12-21 11:08:28","0","Anonymized","100","1044","1","2024-12-21 11:08:29","R_3xzp9frWHNGhdZX","","","","","Anonymized","Anonymized","anonymous","EN","1","2","2","FD2C9C40ED1A4E1EA13FCF66659B4F48","","10.738","903.833","904.484","6","100","8","1","I wrote for 15 minutes whatever came to my mind","2","2","","3","","60","3","","83","FD2C9C40ED1A4E1EA13FCF66659B4F48","journaling","be journaling for 15 minutes about anything on your mind or anything you've experienced lately","journaling for 15 minutes","of journaling for 15 minutes","Writing in the journal",""
"2024-12-21 10:50:23","2024-12-21 11:08:59","0","Anonymized","100","1116","1","2024-12-21 11:08:59","R_6uXvSfuyXDEyzE5","","","","","Anonymized","Anonymized","anonymous","EN","1","2","2","CEDCB1FCFEE046F5A5F47724319E2A42","3753-7285-9917-4067","","","","","53","7","","","2","2","","3","","65","3","","6","CEDCB1FCFEE046F5A5F47724319E2A42","AI chatbot","interact with an AI chatbot for 15 minutes","interacting with an AI chatbot for 15 minutes","with the AI chatbot you used?","Interacting with the chatbot","AI Companion"
